{"cameraMode":{"drawMode":0,"name":"Shaded","section":"Shading Mode"},"sceneLighting":false,"audioPlay":false,"sceneViewState":{"showFog":true,"showMaterialUpdate":false,"showSkybox":true,"showFlares":true,"showImageEffects":true,"showParticleSystems":true},"in2DMode":false,"pivot":{"x":11.631058692932129,"y":6.645761013031006,"z":12.031211853027344},"rotation":{"x":-0.26374030113220217,"y":0.1801249384880066,"z":-0.050205375999212268,"w":-0.9463001489639282},"size":74.16280364990235,"orthographic":false}